id_venta,fecha_venta,id_cliente,nombre_cliente,email,medio_pago,ciudad,fecha_alta,id_producto,nombre_producto,cantidad,precio_unitario,categoria,total_venta,categoria_corregida,mes
1,2024-06-19,62,Guadalupe Romero,guadalupe.romero@mail.com,tarjeta,Carlos Paz,2023-03-03,90,Toallas Húmedas x50,1,2902,Limpieza,2902,Higiene personal,2024-06
2,2024-03-17,49,Olivia Gomez,olivia.gomez@mail.com,qr,Rio Cuarto,2023-02-18,82,Aceitunas Negras 200g,5,2394,Limpieza,11970,Alimentos secos,2024-03
2,2024-03-17,49,Olivia Gomez,olivia.gomez@mail.com,qr,Rio Cuarto,2023-02-18,39,Helado Vainilla 1L,5,469,Alimentos,2345,Congelados,2024-03
2,2024-03-17,49,Olivia Gomez,olivia.gomez@mail.com,qr,Rio Cuarto,2023-02-18,70,Fernet 750ml,2,4061,Limpieza,8122,Bebidas alcohólicas,2024-03
2,2024-03-17,49,Olivia Gomez,olivia.gomez@mail.com,qr,Rio Cuarto,2023-02-18,22,Medialunas de Manteca,1,2069,Limpieza,2069,Panificados,2024-03
2,2024-03-17,49,Olivia Gomez,olivia.gomez@mail.com,qr,Rio Cuarto,2023-02-18,79,Hamburguesas Congeladas x4,4,2420,Alimentos,9680,Congelados,2024-03
3,2024-01-13,20,Tomas Acosta,tomas.acosta@mail.com,tarjeta,Rio Cuarto,2023-01-20,9,Yerba Mate Suave 1kg,2,3878,Alimentos,7756,Infusiones,2024-01
3,2024-01-13,20,Tomas Acosta,tomas.acosta@mail.com,tarjeta,Rio Cuarto,2023-01-20,2,Pepsi 1.5L,2,4973,Limpieza,9946,Bebidas sin alcohol,2024-01
3,2024-01-13,20,Tomas Acosta,tomas.acosta@mail.com,tarjeta,Rio Cuarto,2023-01-20,85,Jugo en Polvo Naranja,1,1856,Alimentos,1856,Bebidas sin alcohol,2024-01
4,2024-02-27,36,Martina Molina,martina.molina@mail.com,transferencia,Mendiolaza,2023-02-05,4,Fanta Naranja 1.5L,2,2033,Limpieza,4066,Bebidas sin alcohol,2024-02
4,2024-02-27,36,Martina Molina,martina.molina@mail.com,transferencia,Mendiolaza,2023-02-05,23,Bizcochos Salados,5,2380,Alimentos,11900,Snacks y golosinas,2024-02
5,2024-06-11,56,Bruno Diaz,bruno.diaz@mail.com,tarjeta,Rio Cuarto,2023-02-25,86,Jugo en Polvo Limón,4,4090,Limpieza,16360,Bebidas sin alcohol,2024-06
6,2024-05-05,91,Uma Sanchez,uma.sanchez@mail.com,transferencia,Mendiolaza,2023-04-01,25,Galletitas Vainilla,2,4015,Alimentos,8030,Snacks y golosinas,2024-05
6,2024-05-05,91,Uma Sanchez,uma.sanchez@mail.com,transferencia,Mendiolaza,2023-04-01,31,Mix de Frutos Secos 200g,3,3409,Alimentos,10227,Alimentos secos,2024-05
6,2024-05-05,91,Uma Sanchez,uma.sanchez@mail.com,transferencia,Mendiolaza,2023-04-01,83,Queso Untable 190g,1,1830,Alimentos,1830,Lácteos y refrigerados,2024-05
6,2024-05-05,91,Uma Sanchez,uma.sanchez@mail.com,transferencia,Mendiolaza,2023-04-01,59,Chicle Menta,4,3612,Alimentos,14448,Snacks y golosinas,2024-05
7,2024-05-06,92,Mariana Rodriguez,mariana.rodriguez@mail.com,efectivo,Alta Gracia,2023-04-02,63,Granola 250g,3,4337,Alimentos,13011,Alimentos secos,2024-05
8,2024-01-06,66,Tomas Herrera,tomas.herrera@mail.com,transferencia,Villa Maria,2023-03-07,53,Lavandina 1L,5,1664,Alimentos,8320,Limpieza del hogar,2024-01
8,2024-01-06,66,Tomas Herrera,tomas.herrera@mail.com,transferencia,Villa Maria,2023-03-07,18,Queso Rallado 150g,4,3444,Limpieza,13776,Lácteos y refrigerados,2024-01
8,2024-01-06,66,Tomas Herrera,tomas.herrera@mail.com,transferencia,Villa Maria,2023-03-07,68,Vino Blanco 750ml,5,2684,Limpieza,13420,Bebidas alcohólicas,2024-01
9,2024-01-20,86,Diego Torres,diego.torres@mail.com,efectivo,Cordoba,2023-03-27,65,Cerveza Rubia 1L,4,2423,Alimentos,9692,Bebidas alcohólicas,2024-01
10,2024-05-28,52,Diego Diaz,diego.diaz@mail.com,qr,Rio Cuarto,2023-02-21,36,Dulce de Leche 400g,2,2559,Limpieza,5118,Lácteos y refrigerados,2024-05
10,2024-05-28,52,Diego Diaz,diego.diaz@mail.com,qr,Rio Cuarto,2023-02-21,100,Trapo de Piso,4,4854,Limpieza,19416,Limpieza del hogar,2024-05
10,2024-05-28,52,Diego Diaz,diego.diaz@mail.com,qr,Rio Cuarto,2023-02-21,37,Mermelada de Durazno 400g,3,3196,Alimentos,9588,Alimentos secos,2024-05
10,2024-05-28,52,Diego Diaz,diego.diaz@mail.com,qr,Rio Cuarto,2023-02-21,62,Stevia 100 sobres,1,3848,Limpieza,3848,Infusiones,2024-05
11,2024-04-10,20,Tomas Acosta,tomas.acosta@mail.com,qr,Rio Cuarto,2023-01-20,13,Té Verde 20 saquitos,1,2383,Alimentos,2383,Infusiones,2024-04
11,2024-04-10,20,Tomas Acosta,tomas.acosta@mail.com,qr,Rio Cuarto,2023-01-20,65,Cerveza Rubia 1L,2,2423,Alimentos,4846,Bebidas alcohólicas,2024-04
11,2024-04-10,20,Tomas Acosta,tomas.acosta@mail.com,qr,Rio Cuarto,2023-01-20,28,Papas Fritas Clásicas 100g,1,936,Limpieza,936,Snacks y golosinas,2024-04
12,2024-06-28,96,Rocio Gonzalez,rocio.gonzalez@mail.com,efectivo,Cordoba,2023-04-06,72,Ron 700ml,2,3876,Limpieza,7752,Bebidas alcohólicas,2024-06
12,2024-06-28,96,Rocio Gonzalez,rocio.gonzalez@mail.com,efectivo,Cordoba,2023-04-06,50,Azúcar 1kg,2,727,Limpieza,1454,Alimentos secos,2024-06
12,2024-06-28,96,Rocio Gonzalez,rocio.gonzalez@mail.com,efectivo,Cordoba,2023-04-06,56,Papel Higiénico x4,3,2532,Limpieza,7596,Alimentos secos,2024-06
12,2024-06-28,96,Rocio Gonzalez,rocio.gonzalez@mail.com,efectivo,Cordoba,2023-04-06,87,Sopa Instantánea Pollo,3,1679,Alimentos,5037,Alimentos secos,2024-06
12,2024-06-28,96,Rocio Gonzalez,rocio.gonzalez@mail.com,efectivo,Cordoba,2023-04-06,38,Mermelada de Frutilla 400g,4,1584,Limpieza,6336,Alimentos secos,2024-06
13,2024-01-24,6,Uma Medina,uma.medina@mail.com,tarjeta,Villa Maria,2023-01-06,87,Sopa Instantánea Pollo,1,1679,Alimentos,1679,Alimentos secos,2024-01
13,2024-01-24,6,Uma Medina,uma.medina@mail.com,tarjeta,Villa Maria,2023-01-06,81,Aceitunas Verdes 200g,3,2520,Alimentos,7560,Alimentos secos,2024-01
13,2024-01-24,6,Uma Medina,uma.medina@mail.com,tarjeta,Villa Maria,2023-01-06,13,Té Verde 20 saquitos,1,2383,Alimentos,2383,Infusiones,2024-01
14,2024-04-18,67,Ivana Romero,ivana.romero@mail.com,qr,Alta Gracia,2023-03-08,36,Dulce de Leche 400g,4,2559,Limpieza,10236,Lácteos y refrigerados,2024-04
14,2024-04-18,67,Ivana Romero,ivana.romero@mail.com,qr,Alta Gracia,2023-03-08,72,Ron 700ml,5,3876,Limpieza,19380,Bebidas alcohólicas,2024-04
14,2024-04-18,67,Ivana Romero,ivana.romero@mail.com,qr,Alta Gracia,2023-03-08,38,Mermelada de Frutilla 400g,3,1584,Limpieza,4752,Alimentos secos,2024-04
14,2024-04-18,67,Ivana Romero,ivana.romero@mail.com,qr,Alta Gracia,2023-03-08,97,Limpiavidrios 500ml,1,872,Alimentos,872,Limpieza del hogar,2024-04
15,2024-06-27,56,Bruno Diaz,bruno.diaz@mail.com,transferencia,Rio Cuarto,2023-02-25,37,Mermelada de Durazno 400g,3,3196,Alimentos,9588,Alimentos secos,2024-06
16,2024-04-12,2,Nicolas Rojas,nicolas.rojas@mail.com,efectivo,Carlos Paz,2023-01-02,35,Barrita de Cereal 30g,5,4430,Alimentos,22150,Snacks y golosinas,2024-04
17,2024-02-17,88,Felipe Castro,felipe.castro@mail.com,efectivo,Villa Maria,2023-03-29,81,Aceitunas Verdes 200g,5,2520,Alimentos,12600,Alimentos secos,2024-02
17,2024-02-17,88,Felipe Castro,felipe.castro@mail.com,efectivo,Villa Maria,2023-03-29,46,Lentejas Secas 500g,5,3036,Limpieza,15180,Alimentos secos,2024-02
17,2024-02-17,88,Felipe Castro,felipe.castro@mail.com,efectivo,Villa Maria,2023-03-29,74,Whisky 750ml,3,2953,Limpieza,8859,Bebidas alcohólicas,2024-02
18,2024-06-11,81,Camila Ruiz,camila.ruiz@mail.com,qr,Carlos Paz,2023-03-22,33,Chocolate con Leche 100g,2,1255,Alimentos,2510,Lácteos y refrigerados,2024-06
18,2024-06-11,81,Camila Ruiz,camila.ruiz@mail.com,qr,Carlos Paz,2023-03-22,4,Fanta Naranja 1.5L,5,2033,Limpieza,10165,Bebidas sin alcohol,2024-06
18,2024-06-11,81,Camila Ruiz,camila.ruiz@mail.com,qr,Carlos Paz,2023-03-22,24,Galletitas Chocolate,2,1305,Limpieza,2610,Snacks y golosinas,2024-06
18,2024-06-11,81,Camila Ruiz,camila.ruiz@mail.com,qr,Carlos Paz,2023-03-22,15,Leche Descremada 1L,3,2538,Alimentos,7614,Lácteos y refrigerados,2024-06
18,2024-06-11,81,Camila Ruiz,camila.ruiz@mail.com,qr,Carlos Paz,2023-03-22,22,Medialunas de Manteca,5,2069,Limpieza,10345,Panificados,2024-06
19,2024-06-11,80,Gael Ruiz,gael.ruiz@mail.com,efectivo,Mendiolaza,2023-03-21,38,Mermelada de Frutilla 400g,2,1584,Limpieza,3168,Alimentos secos,2024-06
19,2024-06-11,80,Gael Ruiz,gael.ruiz@mail.com,efectivo,Mendiolaza,2023-03-21,98,Desengrasante 500ml,3,2843,Limpieza,8529,Limpieza del hogar,2024-06
19,2024-06-11,80,Gael Ruiz,gael.ruiz@mail.com,efectivo,Mendiolaza,2023-03-21,63,Granola 250g,3,4337,Alimentos,13011,Alimentos secos,2024-06
20,2024-01-13,75,Santiago Castro,santiago.castro@mail.com,tarjeta,Rio Cuarto,2023-03-16,32,Chocolate Amargo 100g,3,2234,Limpieza,6702,Snacks y golosinas,2024-01
21,2024-06-19,10,Karina Acosta,karina.acosta@mail.com,transferencia,Cordoba,2023-01-10,76,Pizza Congelada Muzzarella,5,4286,Limpieza,21430,Congelados,2024-06
21,2024-06-19,10,Karina Acosta,karina.acosta@mail.com,transferencia,Cordoba,2023-01-10,35,Barrita de Cereal 30g,1,4430,Alimentos,4430,Snacks y golosinas,2024-06
22,2024-05-08,64,Julian Alvarez,julian.alvarez@mail.com,transferencia,Villa Maria,2023-03-05,9,Yerba Mate Suave 1kg,2,3878,Alimentos,7756,Infusiones,2024-05
22,2024-05-08,64,Julian Alvarez,julian.alvarez@mail.com,transferencia,Villa Maria,2023-03-05,28,Papas Fritas Clásicas 100g,3,936,Limpieza,2808,Snacks y golosinas,2024-05
22,2024-05-08,64,Julian Alvarez,julian.alvarez@mail.com,transferencia,Villa Maria,2023-03-05,24,Galletitas Chocolate,4,1305,Limpieza,5220,Snacks y golosinas,2024-05
23,2024-05-16,78,Emilia Alvarez,emilia.alvarez@mail.com,transferencia,Villa Maria,2023-03-19,64,Avena Instantánea 250g,4,3953,Limpieza,15812,Alimentos secos,2024-05
23,2024-05-16,78,Emilia Alvarez,emilia.alvarez@mail.com,transferencia,Villa Maria,2023-03-19,83,Queso Untable 190g,4,1830,Alimentos,7320,Lácteos y refrigerados,2024-05
24,2024-06-14,55,Olivia Ruiz,olivia.ruiz@mail.com,tarjeta,Mendiolaza,2023-02-24,91,Desodorante Aerosol,2,4690,Alimentos,9380,Higiene personal,2024-06
24,2024-06-14,55,Olivia Ruiz,olivia.ruiz@mail.com,tarjeta,Mendiolaza,2023-02-24,40,Helado Chocolate 1L,5,1215,Limpieza,6075,Snacks y golosinas,2024-06
25,2024-04-30,13,Ivana Sanchez,ivana.sanchez@mail.com,transferencia,Carlos Paz,2023-01-13,55,Shampoo 400ml,1,1407,Alimentos,1407,Higiene personal,2024-04
25,2024-04-30,13,Ivana Sanchez,ivana.sanchez@mail.com,transferencia,Carlos Paz,2023-01-13,95,Mascarilla Capilar,5,1581,Alimentos,7905,Higiene personal,2024-04
25,2024-04-30,13,Ivana Sanchez,ivana.sanchez@mail.com,transferencia,Carlos Paz,2023-01-13,72,Ron 700ml,1,3876,Limpieza,3876,Bebidas alcohólicas,2024-04
26,2024-01-23,49,Olivia Gomez,olivia.gomez@mail.com,efectivo,Rio Cuarto,2023-02-18,79,Hamburguesas Congeladas x4,2,2420,Alimentos,4840,Congelados,2024-01
26,2024-01-23,49,Olivia Gomez,olivia.gomez@mail.com,efectivo,Rio Cuarto,2023-02-18,86,Jugo en Polvo Limón,1,4090,Limpieza,4090,Bebidas sin alcohol,2024-01
27,2024-02-25,9,Yamila Molina,yamila.molina@mail.com,transferencia,Carlos Paz,2023-01-09,7,Jugo de Manzana 1L,4,3269,Alimentos,13076,Bebidas sin alcohol,2024-02
27,2024-02-25,9,Yamila Molina,yamila.molina@mail.com,transferencia,Carlos Paz,2023-01-09,78,Verduras Congeladas Mix,4,4289,Limpieza,17156,Congelados,2024-02
28,2024-05-20,52,Diego Diaz,diego.diaz@mail.com,qr,Rio Cuarto,2023-02-21,74,Whisky 750ml,1,2953,Limpieza,2953,Bebidas alcohólicas,2024-05
28,2024-05-20,52,Diego Diaz,diego.diaz@mail.com,qr,Rio Cuarto,2023-02-21,91,Desodorante Aerosol,2,4690,Alimentos,9380,Higiene personal,2024-05
28,2024-05-20,52,Diego Diaz,diego.diaz@mail.com,qr,Rio Cuarto,2023-02-21,72,Ron 700ml,1,3876,Limpieza,3876,Bebidas alcohólicas,2024-05
28,2024-05-20,52,Diego Diaz,diego.diaz@mail.com,qr,Rio Cuarto,2023-02-21,18,Queso Rallado 150g,2,3444,Limpieza,6888,Lácteos y refrigerados,2024-05
28,2024-05-20,52,Diego Diaz,diego.diaz@mail.com,qr,Rio Cuarto,2023-02-21,27,Alfajor Simple,5,2502,Alimentos,12510,Snacks y golosinas,2024-05
29,2024-02-20,49,Olivia Gomez,olivia.gomez@mail.com,qr,Rio Cuarto,2023-02-18,58,Caramelos Masticables,1,4752,Limpieza,4752,Snacks y golosinas,2024-02
29,2024-02-20,49,Olivia Gomez,olivia.gomez@mail.com,qr,Rio Cuarto,2023-02-18,36,Dulce de Leche 400g,2,2559,Limpieza,5118,Lácteos y refrigerados,2024-02
29,2024-02-20,49,Olivia Gomez,olivia.gomez@mail.com,qr,Rio Cuarto,2023-02-18,71,Vodka 700ml,4,508,Alimentos,2032,Bebidas alcohólicas,2024-02
29,2024-02-20,49,Olivia Gomez,olivia.gomez@mail.com,qr,Rio Cuarto,2023-02-18,27,Alfajor Simple,2,2502,Alimentos,5004,Snacks y golosinas,2024-02
29,2024-02-20,49,Olivia Gomez,olivia.gomez@mail.com,qr,Rio Cuarto,2023-02-18,66,Cerveza Negra 1L,1,1533,Limpieza,1533,Bebidas alcohólicas,2024-02
30,2024-03-03,93,Gael Rojas,gael.rojas@mail.com,efectivo,Alta Gracia,2023-04-03,49,Harina de Trigo 1kg,4,2512,Alimentos,10048,Alimentos secos,2024-03
30,2024-03-03,93,Gael Rojas,gael.rojas@mail.com,efectivo,Alta Gracia,2023-04-03,78,Verduras Congeladas Mix,3,4289,Limpieza,12867,Congelados,2024-03
30,2024-03-03,93,Gael Rojas,gael.rojas@mail.com,efectivo,Alta Gracia,2023-04-03,82,Aceitunas Negras 200g,4,2394,Limpieza,9576,Alimentos secos,2024-03
30,2024-03-03,93,Gael Rojas,gael.rojas@mail.com,efectivo,Alta Gracia,2023-04-03,7,Jugo de Manzana 1L,1,3269,Alimentos,3269,Bebidas sin alcohol,2024-03
31,2024-05-22,19,Uma Silva,uma.silva@mail.com,tarjeta,Mendiolaza,2023-01-19,92,Crema Dental 90g,4,2512,Limpieza,10048,Higiene personal,2024-05
31,2024-05-22,19,Uma Silva,uma.silva@mail.com,tarjeta,Mendiolaza,2023-01-19,90,Toallas Húmedas x50,3,2902,Limpieza,8706,Higiene personal,2024-05
31,2024-05-22,19,Uma Silva,uma.silva@mail.com,tarjeta,Mendiolaza,2023-01-19,84,Queso Azul 150g,5,1645,Limpieza,8225,Lácteos y refrigerados,2024-05
32,2024-01-30,31,Felipe Ruiz,felipe.ruiz@mail.com,efectivo,Villa Maria,2023-01-31,72,Ron 700ml,5,3876,Limpieza,19380,Bebidas alcohólicas,2024-01
32,2024-01-30,31,Felipe Ruiz,felipe.ruiz@mail.com,efectivo,Villa Maria,2023-01-31,53,Lavandina 1L,4,1664,Alimentos,6656,Limpieza del hogar,2024-01
32,2024-01-30,31,Felipe Ruiz,felipe.ruiz@mail.com,efectivo,Villa Maria,2023-01-31,17,Queso Cremoso 500g,3,4834,Alimentos,14502,Lácteos y refrigerados,2024-01
32,2024-01-30,31,Felipe Ruiz,felipe.ruiz@mail.com,efectivo,Villa Maria,2023-01-31,35,Barrita de Cereal 30g,3,4430,Alimentos,13290,Snacks y golosinas,2024-01
33,2024-02-13,6,Uma Medina,uma.medina@mail.com,efectivo,Villa Maria,2023-01-06,47,Garbanzos 500g,2,2939,Alimentos,5878,Alimentos secos,2024-02
33,2024-02-13,6,Uma Medina,uma.medina@mail.com,efectivo,Villa Maria,2023-01-06,76,Pizza Congelada Muzzarella,4,4286,Limpieza,17144,Congelados,2024-02
33,2024-02-13,6,Uma Medina,uma.medina@mail.com,efectivo,Villa Maria,2023-01-06,100,Trapo de Piso,1,4854,Limpieza,4854,Limpieza del hogar,2024-02
33,2024-02-13,6,Uma Medina,uma.medina@mail.com,efectivo,Villa Maria,2023-01-06,91,Desodorante Aerosol,2,4690,Alimentos,9380,Higiene personal,2024-02
34,2024-01-13,58,Karina Acosta,karina.acosta2@mail.com,transferencia,Rio Cuarto,2023-02-27,10,Yerba Mate Intensa 1kg,1,4883,Limpieza,4883,Infusiones,2024-01
34,2024-01-13,58,Karina Acosta,karina.acosta2@mail.com,transferencia,Rio Cuarto,2023-02-27,32,Chocolate Amargo 100g,5,2234,Limpieza,11170,Snacks y golosinas,2024-01
35,2024-05-30,61,Guadalupe Martinez,guadalupe.martinez@mail.com,efectivo,Rio Cuarto,2023-03-02,93,Cepillo de Dientes,3,2142,Alimentos,6426,Higiene personal,2024-05
35,2024-05-30,61,Guadalupe Martinez,guadalupe.martinez@mail.com,efectivo,Rio Cuarto,2023-03-02,80,Helado de Frutilla 1L,2,1981,Limpieza,3962,Congelados,2024-05
35,2024-05-30,61,Guadalupe Martinez,guadalupe.martinez@mail.com,efectivo,Rio Cuarto,2023-03-02,88,Caldo Concentrado Carne,5,2570,Limpieza,12850,Alimentos secos,2024-05
36,2024-06-25,5,Agustina Flores,agustina.flores@mail.com,tarjeta,Cordoba,2023-01-05,50,Azúcar 1kg,4,727,Limpieza,2908,Alimentos secos,2024-06
36,2024-06-25,5,Agustina Flores,agustina.flores@mail.com,tarjeta,Cordoba,2023-01-05,48,Porotos Negros 500g,2,4462,Limpieza,8924,Alimentos secos,2024-06
37,2024-05-17,57,Julian Acosta,julian.acosta@mail.com,qr,Rio Cuarto,2023-02-26,18,Queso Rallado 150g,3,3444,Limpieza,10332,Lácteos y refrigerados,2024-05
38,2024-05-29,56,Bruno Diaz,bruno.diaz@mail.com,tarjeta,Rio Cuarto,2023-02-25,62,Stevia 100 sobres,5,3848,Limpieza,19240,Infusiones,2024-05
38,2024-05-29,56,Bruno Diaz,bruno.diaz@mail.com,tarjeta,Rio Cuarto,2023-02-25,14,Leche Entera 1L,3,1723,Limpieza,5169,Lácteos y refrigerados,2024-05
38,2024-05-29,56,Bruno Diaz,bruno.diaz@mail.com,tarjeta,Rio Cuarto,2023-02-25,65,Cerveza Rubia 1L,5,2423,Alimentos,12115,Bebidas alcohólicas,2024-05
38,2024-05-29,56,Bruno Diaz,bruno.diaz@mail.com,tarjeta,Rio Cuarto,2023-02-25,5,Agua Mineral 500ml,3,4777,Alimentos,14331,Bebidas sin alcohol,2024-05
39,2024-03-05,5,Agustina Flores,agustina.flores@mail.com,efectivo,Cordoba,2023-01-05,44,Arroz Largo Fino 1kg,4,2979,Limpieza,11916,Alimentos secos,2024-03
39,2024-03-05,5,Agustina Flores,agustina.flores@mail.com,efectivo,Cordoba,2023-01-05,22,Medialunas de Manteca,2,2069,Limpieza,4138,Panificados,2024-03
39,2024-03-05,5,Agustina Flores,agustina.flores@mail.com,efectivo,Cordoba,2023-01-05,58,Caramelos Masticables,4,4752,Limpieza,19008,Snacks y golosinas,2024-03
39,2024-03-05,5,Agustina Flores,agustina.flores@mail.com,efectivo,Cordoba,2023-01-05,81,Aceitunas Verdes 200g,4,2520,Alimentos,10080,Alimentos secos,2024-03
40,2024-05-13,15,Tomas Ruiz,tomas.ruiz@mail.com,efectivo,Cordoba,2023-01-15,44,Arroz Largo Fino 1kg,2,2979,Limpieza,5958,Alimentos secos,2024-05
41,2024-03-08,29,Diego Fernandez,diego.fernandez@mail.com,tarjeta,Alta Gracia,2023-01-29,51,Sal Fina 500g,1,1745,Alimentos,1745,Alimentos secos,2024-03
41,2024-03-08,29,Diego Fernandez,diego.fernandez@mail.com,tarjeta,Alta Gracia,2023-01-29,15,Leche Descremada 1L,1,2538,Alimentos,2538,Lácteos y refrigerados,2024-03
42,2024-04-18,12,Gael Gomez,gael.gomez@mail.com,tarjeta,Alta Gracia,2023-01-12,47,Garbanzos 500g,3,2939,Alimentos,8817,Alimentos secos,2024-04
42,2024-04-18,12,Gael Gomez,gael.gomez@mail.com,tarjeta,Alta Gracia,2023-01-12,29,Papas Fritas Onduladas 100g,1,1868,Alimentos,1868,Snacks y golosinas,2024-04
42,2024-04-18,12,Gael Gomez,gael.gomez@mail.com,tarjeta,Alta Gracia,2023-01-12,73,Gin 700ml,3,1561,Alimentos,4683,Bebidas alcohólicas,2024-04
43,2024-02-18,23,Helena Fernandez,helena.fernandez@mail.com,efectivo,Rio Cuarto,2023-01-23,1,Coca Cola 1.5L,5,2347,Alimentos,11735,Bebidas sin alcohol,2024-02
43,2024-02-18,23,Helena Fernandez,helena.fernandez@mail.com,efectivo,Rio Cuarto,2023-01-23,49,Harina de Trigo 1kg,2,2512,Alimentos,5024,Alimentos secos,2024-02
43,2024-02-18,23,Helena Fernandez,helena.fernandez@mail.com,efectivo,Rio Cuarto,2023-01-23,66,Cerveza Negra 1L,2,1533,Limpieza,3066,Bebidas alcohólicas,2024-02
44,2024-02-21,21,Elena Rodriguez,elena.rodriguez@mail.com,efectivo,Alta Gracia,2023-01-21,48,Porotos Negros 500g,1,4462,Limpieza,4462,Alimentos secos,2024-02
44,2024-02-21,21,Elena Rodriguez,elena.rodriguez@mail.com,efectivo,Alta Gracia,2023-01-21,47,Garbanzos 500g,2,2939,Alimentos,5878,Alimentos secos,2024-02
44,2024-02-21,21,Elena Rodriguez,elena.rodriguez@mail.com,efectivo,Alta Gracia,2023-01-21,100,Trapo de Piso,2,4854,Limpieza,9708,Limpieza del hogar,2024-02
45,2024-01-19,15,Tomas Ruiz,tomas.ruiz@mail.com,efectivo,Cordoba,2023-01-15,12,Té Negro 20 saquitos,2,570,Limpieza,1140,Infusiones,2024-01
45,2024-01-19,15,Tomas Ruiz,tomas.ruiz@mail.com,efectivo,Cordoba,2023-01-15,18,Queso Rallado 150g,2,3444,Limpieza,6888,Lácteos y refrigerados,2024-01
45,2024-01-19,15,Tomas Ruiz,tomas.ruiz@mail.com,efectivo,Cordoba,2023-01-15,87,Sopa Instantánea Pollo,4,1679,Alimentos,6716,Alimentos secos,2024-01
45,2024-01-19,15,Tomas Ruiz,tomas.ruiz@mail.com,efectivo,Cordoba,2023-01-15,98,Desengrasante 500ml,1,2843,Limpieza,2843,Limpieza del hogar,2024-01
45,2024-01-19,15,Tomas Ruiz,tomas.ruiz@mail.com,efectivo,Cordoba,2023-01-15,52,Detergente Líquido 750ml,2,2582,Limpieza,5164,Limpieza del hogar,2024-01
46,2024-03-25,46,Agustina Martinez,agustina.martinez@mail.com,tarjeta,Alta Gracia,2023-02-15,21,Pan Lactal Integral,1,272,Alimentos,272,Panificados,2024-03
47,2024-05-04,52,Diego Diaz,diego.diaz@mail.com,transferencia,Rio Cuarto,2023-02-21,43,Salsa de Tomate 500g,5,887,Alimentos,4435,Alimentos secos,2024-05
47,2024-05-04,52,Diego Diaz,diego.diaz@mail.com,transferencia,Rio Cuarto,2023-02-21,6,Jugo de Naranja 1L,3,4170,Limpieza,12510,Bebidas sin alcohol,2024-05
48,2024-01-26,84,Pablo Sanchez,pablo.sanchez@mail.com,qr,Cordoba,2023-03-25,70,Fernet 750ml,1,4061,Limpieza,4061,Bebidas alcohólicas,2024-01
48,2024-01-26,84,Pablo Sanchez,pablo.sanchez@mail.com,qr,Cordoba,2023-03-25,54,Jabón de Tocador,5,1592,Limpieza,7960,Alimentos secos,2024-01
48,2024-01-26,84,Pablo Sanchez,pablo.sanchez@mail.com,qr,Cordoba,2023-03-25,57,Servilletas x100,4,4520,Alimentos,18080,Limpieza del hogar,2024-01
49,2024-06-02,5,Agustina Flores,agustina.flores@mail.com,efectivo,Cordoba,2023-01-05,59,Chicle Menta,2,3612,Alimentos,7224,Snacks y golosinas,2024-06
49,2024-06-02,5,Agustina Flores,agustina.flores@mail.com,efectivo,Cordoba,2023-01-05,21,Pan Lactal Integral,4,272,Alimentos,1088,Panificados,2024-06
49,2024-06-02,5,Agustina Flores,agustina.flores@mail.com,efectivo,Cordoba,2023-01-05,59,Chicle Menta,4,3612,Alimentos,14448,Snacks y golosinas,2024-06
49,2024-06-02,5,Agustina Flores,agustina.flores@mail.com,efectivo,Cordoba,2023-01-05,18,Queso Rallado 150g,3,3444,Limpieza,10332,Lácteos y refrigerados,2024-06
49,2024-06-02,5,Agustina Flores,agustina.flores@mail.com,efectivo,Cordoba,2023-01-05,85,Jugo en Polvo Naranja,3,1856,Alimentos,5568,Bebidas sin alcohol,2024-06
50,2024-01-09,8,Bruno Castro,bruno.castro@mail.com,transferencia,Carlos Paz,2023-01-08,10,Yerba Mate Intensa 1kg,2,4883,Limpieza,9766,Infusiones,2024-01
50,2024-01-09,8,Bruno Castro,bruno.castro@mail.com,transferencia,Carlos Paz,2023-01-08,34,Turrón 50g,5,503,Limpieza,2515,Snacks y golosinas,2024-01
50,2024-01-09,8,Bruno Castro,bruno.castro@mail.com,transferencia,Carlos Paz,2023-01-08,58,Caramelos Masticables,5,4752,Limpieza,23760,Snacks y golosinas,2024-01
50,2024-01-09,8,Bruno Castro,bruno.castro@mail.com,transferencia,Carlos Paz,2023-01-08,32,Chocolate Amargo 100g,3,2234,Limpieza,6702,Snacks y golosinas,2024-01
50,2024-01-09,8,Bruno Castro,bruno.castro@mail.com,transferencia,Carlos Paz,2023-01-08,91,Desodorante Aerosol,4,4690,Alimentos,18760,Higiene personal,2024-01
51,2024-02-18,39,Santiago Diaz,santiago.diaz@mail.com,efectivo,Alta Gracia,2023-02-08,31,Mix de Frutos Secos 200g,1,3409,Alimentos,3409,Alimentos secos,2024-02
52,2024-05-10,5,Agustina Flores,agustina.flores@mail.com,tarjeta,Cordoba,2023-01-05,83,Queso Untable 190g,2,1830,Alimentos,3660,Lácteos y refrigerados,2024-05
52,2024-05-10,5,Agustina Flores,agustina.flores@mail.com,tarjeta,Cordoba,2023-01-05,9,Yerba Mate Suave 1kg,4,3878,Alimentos,15512,Infusiones,2024-05
52,2024-05-10,5,Agustina Flores,agustina.flores@mail.com,tarjeta,Cordoba,2023-01-05,81,Aceitunas Verdes 200g,5,2520,Alimentos,12600,Alimentos secos,2024-05
52,2024-05-10,5,Agustina Flores,agustina.flores@mail.com,tarjeta,Cordoba,2023-01-05,38,Mermelada de Frutilla 400g,3,1584,Limpieza,4752,Alimentos secos,2024-05
53,2024-01-25,56,Bruno Diaz,bruno.diaz@mail.com,tarjeta,Rio Cuarto,2023-02-25,28,Papas Fritas Clásicas 100g,1,936,Limpieza,936,Snacks y golosinas,2024-01
54,2024-03-26,1,Mariana Lopez,mariana.lopez@mail.com,tarjeta,Carlos Paz,2023-01-01,65,Cerveza Rubia 1L,1,2423,Alimentos,2423,Bebidas alcohólicas,2024-03
54,2024-03-26,1,Mariana Lopez,mariana.lopez@mail.com,tarjeta,Carlos Paz,2023-01-01,18,Queso Rallado 150g,2,3444,Limpieza,6888,Lácteos y refrigerados,2024-03
54,2024-03-26,1,Mariana Lopez,mariana.lopez@mail.com,tarjeta,Carlos Paz,2023-01-01,91,Desodorante Aerosol,3,4690,Alimentos,14070,Higiene personal,2024-03
54,2024-03-26,1,Mariana Lopez,mariana.lopez@mail.com,tarjeta,Carlos Paz,2023-01-01,8,Energética Nitro 500ml,3,4218,Limpieza,12654,Bebidas sin alcohol,2024-03
55,2024-01-04,100,Agustina Lopez,agustina.lopez@mail.com,qr,Cordoba,2023-04-10,39,Helado Vainilla 1L,4,469,Alimentos,1876,Congelados,2024-01
56,2024-06-14,15,Tomas Ruiz,tomas.ruiz@mail.com,qr,Cordoba,2023-01-15,18,Queso Rallado 150g,5,3444,Limpieza,17220,Lácteos y refrigerados,2024-06
57,2024-01-10,34,Bruno Castro,bruno.castro2@mail.com,efectivo,Villa Maria,2023-02-03,31,Mix de Frutos Secos 200g,3,3409,Alimentos,10227,Alimentos secos,2024-01
57,2024-01-10,34,Bruno Castro,bruno.castro2@mail.com,efectivo,Villa Maria,2023-02-03,41,Aceite de Girasol 1L,4,860,Alimentos,3440,Alimentos secos,2024-01
57,2024-01-10,34,Bruno Castro,bruno.castro2@mail.com,efectivo,Villa Maria,2023-02-03,9,Yerba Mate Suave 1kg,5,3878,Alimentos,19390,Infusiones,2024-01
57,2024-01-10,34,Bruno Castro,bruno.castro2@mail.com,efectivo,Villa Maria,2023-02-03,76,Pizza Congelada Muzzarella,3,4286,Limpieza,12858,Congelados,2024-01
57,2024-01-10,34,Bruno Castro,bruno.castro2@mail.com,efectivo,Villa Maria,2023-02-03,98,Desengrasante 500ml,4,2843,Limpieza,11372,Limpieza del hogar,2024-01
58,2024-02-04,48,Rocio Alvarez,rocio.alvarez@mail.com,transferencia,Cordoba,2023-02-17,43,Salsa de Tomate 500g,2,887,Alimentos,1774,Alimentos secos,2024-02
58,2024-02-04,48,Rocio Alvarez,rocio.alvarez@mail.com,transferencia,Cordoba,2023-02-17,11,Café Molido 250g,1,2053,Alimentos,2053,Infusiones,2024-02
59,2024-04-28,62,Guadalupe Romero,guadalupe.romero@mail.com,tarjeta,Carlos Paz,2023-03-03,31,Mix de Frutos Secos 200g,1,3409,Alimentos,3409,Alimentos secos,2024-04
59,2024-04-28,62,Guadalupe Romero,guadalupe.romero@mail.com,tarjeta,Carlos Paz,2023-03-03,8,Energética Nitro 500ml,2,4218,Limpieza,8436,Bebidas sin alcohol,2024-04
59,2024-04-28,62,Guadalupe Romero,guadalupe.romero@mail.com,tarjeta,Carlos Paz,2023-03-03,97,Limpiavidrios 500ml,5,872,Alimentos,4360,Limpieza del hogar,2024-04
60,2024-04-04,81,Camila Ruiz,camila.ruiz@mail.com,transferencia,Carlos Paz,2023-03-22,43,Salsa de Tomate 500g,1,887,Alimentos,887,Alimentos secos,2024-04
60,2024-04-04,81,Camila Ruiz,camila.ruiz@mail.com,transferencia,Carlos Paz,2023-03-22,98,Desengrasante 500ml,3,2843,Limpieza,8529,Limpieza del hogar,2024-04
60,2024-04-04,81,Camila Ruiz,camila.ruiz@mail.com,transferencia,Carlos Paz,2023-03-22,15,Leche Descremada 1L,1,2538,Alimentos,2538,Lácteos y refrigerados,2024-04
60,2024-04-04,81,Camila Ruiz,camila.ruiz@mail.com,transferencia,Carlos Paz,2023-03-22,21,Pan Lactal Integral,2,272,Alimentos,544,Panificados,2024-04
60,2024-04-04,81,Camila Ruiz,camila.ruiz@mail.com,transferencia,Carlos Paz,2023-03-22,91,Desodorante Aerosol,4,4690,Alimentos,18760,Higiene personal,2024-04
61,2024-06-01,27,Tomas Castro,tomas.castro@mail.com,efectivo,Rio Cuarto,2023-01-27,9,Yerba Mate Suave 1kg,3,3878,Alimentos,11634,Infusiones,2024-06
61,2024-06-01,27,Tomas Castro,tomas.castro@mail.com,efectivo,Rio Cuarto,2023-01-27,19,Manteca 200g,3,3251,Alimentos,9753,Lácteos y refrigerados,2024-06
62,2024-05-01,100,Agustina Lopez,agustina.lopez@mail.com,transferencia,Cordoba,2023-04-10,47,Garbanzos 500g,4,2939,Alimentos,11756,Alimentos secos,2024-05
62,2024-05-01,100,Agustina Lopez,agustina.lopez@mail.com,transferencia,Cordoba,2023-04-10,95,Mascarilla Capilar,3,1581,Alimentos,4743,Higiene personal,2024-05
63,2024-06-19,25,Karina Castro,karina.castro@mail.com,tarjeta,Rio Cuarto,2023-01-25,8,Energética Nitro 500ml,5,4218,Limpieza,21090,Bebidas sin alcohol,2024-06
63,2024-06-19,25,Karina Castro,karina.castro@mail.com,tarjeta,Rio Cuarto,2023-01-25,2,Pepsi 1.5L,2,4973,Limpieza,9946,Bebidas sin alcohol,2024-06
63,2024-06-19,25,Karina Castro,karina.castro@mail.com,tarjeta,Rio Cuarto,2023-01-25,70,Fernet 750ml,3,4061,Limpieza,12183,Bebidas alcohólicas,2024-06
63,2024-06-19,25,Karina Castro,karina.castro@mail.com,tarjeta,Rio Cuarto,2023-01-25,45,Fideos Spaghetti 500g,4,745,Alimentos,2980,Alimentos secos,2024-06
64,2024-03-07,58,Karina Acosta,karina.acosta2@mail.com,qr,Rio Cuarto,2023-02-27,4,Fanta Naranja 1.5L,2,2033,Limpieza,4066,Bebidas sin alcohol,2024-03
64,2024-03-07,58,Karina Acosta,karina.acosta2@mail.com,qr,Rio Cuarto,2023-02-27,41,Aceite de Girasol 1L,2,860,Alimentos,1720,Alimentos secos,2024-03
65,2024-04-30,30,Ivana Medina,ivana.medina@mail.com,qr,Alta Gracia,2023-01-30,77,Empanadas Congeladas,4,4778,Alimentos,19112,Congelados,2024-04
65,2024-04-30,30,Ivana Medina,ivana.medina@mail.com,qr,Alta Gracia,2023-01-30,22,Medialunas de Manteca,3,2069,Limpieza,6207,Panificados,2024-04
65,2024-04-30,30,Ivana Medina,ivana.medina@mail.com,qr,Alta Gracia,2023-01-30,38,Mermelada de Frutilla 400g,5,1584,Limpieza,7920,Alimentos secos,2024-04
65,2024-04-30,30,Ivana Medina,ivana.medina@mail.com,qr,Alta Gracia,2023-01-30,36,Dulce de Leche 400g,4,2559,Limpieza,10236,Lácteos y refrigerados,2024-04
66,2024-03-14,69,Felipe Flores,felipe.flores@mail.com,qr,Rio Cuarto,2023-03-10,16,Yogur Natural 200g,3,4613,Limpieza,13839,Alimentos secos,2024-03
67,2024-03-21,66,Tomas Herrera,tomas.herrera@mail.com,efectivo,Villa Maria,2023-03-07,53,Lavandina 1L,1,1664,Alimentos,1664,Limpieza del hogar,2024-03
67,2024-03-21,66,Tomas Herrera,tomas.herrera@mail.com,efectivo,Villa Maria,2023-03-07,8,Energética Nitro 500ml,2,4218,Limpieza,8436,Bebidas sin alcohol,2024-03
68,2024-06-28,27,Tomas Castro,tomas.castro@mail.com,qr,Rio Cuarto,2023-01-27,94,Hilo Dental,4,1418,Limpieza,5672,Higiene personal,2024-06
69,2024-01-06,42,Tomas Flores,tomas.flores@mail.com,qr,Alta Gracia,2023-02-11,76,Pizza Congelada Muzzarella,4,4286,Limpieza,17144,Congelados,2024-01
69,2024-01-06,42,Tomas Flores,tomas.flores@mail.com,qr,Alta Gracia,2023-02-11,74,Whisky 750ml,3,2953,Limpieza,8859,Bebidas alcohólicas,2024-01
70,2024-02-02,41,Elena Rodriguez,elena.rodriguez2@mail.com,transferencia,Alta Gracia,2023-02-10,66,Cerveza Negra 1L,3,1533,Limpieza,4599,Bebidas alcohólicas,2024-02
70,2024-02-02,41,Elena Rodriguez,elena.rodriguez2@mail.com,transferencia,Alta Gracia,2023-02-10,89,Caldo Concentrado Verdura,4,1003,Alimentos,4012,Congelados,2024-02
70,2024-02-02,41,Elena Rodriguez,elena.rodriguez2@mail.com,transferencia,Alta Gracia,2023-02-10,38,Mermelada de Frutilla 400g,3,1584,Limpieza,4752,Alimentos secos,2024-02
71,2024-06-02,40,Felipe Diaz,felipe.diaz@mail.com,qr,Rio Cuarto,2023-02-09,11,Café Molido 250g,3,2053,Alimentos,6159,Infusiones,2024-06
71,2024-06-02,40,Felipe Diaz,felipe.diaz@mail.com,qr,Rio Cuarto,2023-02-09,79,Hamburguesas Congeladas x4,4,2420,Alimentos,9680,Congelados,2024-06
71,2024-06-02,40,Felipe Diaz,felipe.diaz@mail.com,qr,Rio Cuarto,2023-02-09,100,Trapo de Piso,4,4854,Limpieza,19416,Limpieza del hogar,2024-06
71,2024-06-02,40,Felipe Diaz,felipe.diaz@mail.com,qr,Rio Cuarto,2023-02-09,92,Crema Dental 90g,1,2512,Limpieza,2512,Higiene personal,2024-06
72,2024-02-17,26,Camila Sanchez,camila.sanchez@mail.com,qr,Alta Gracia,2023-01-26,94,Hilo Dental,3,1418,Limpieza,4254,Higiene personal,2024-02
72,2024-02-17,26,Camila Sanchez,camila.sanchez@mail.com,qr,Alta Gracia,2023-01-26,41,Aceite de Girasol 1L,4,860,Alimentos,3440,Alimentos secos,2024-02
72,2024-02-17,26,Camila Sanchez,camila.sanchez@mail.com,qr,Alta Gracia,2023-01-26,51,Sal Fina 500g,2,1745,Alimentos,3490,Alimentos secos,2024-02
73,2024-05-16,42,Tomas Flores,tomas.flores@mail.com,transferencia,Alta Gracia,2023-02-11,28,Papas Fritas Clásicas 100g,1,936,Limpieza,936,Snacks y golosinas,2024-05
73,2024-05-16,42,Tomas Flores,tomas.flores@mail.com,transferencia,Alta Gracia,2023-02-11,24,Galletitas Chocolate,3,1305,Limpieza,3915,Snacks y golosinas,2024-05
73,2024-05-16,42,Tomas Flores,tomas.flores@mail.com,transferencia,Alta Gracia,2023-02-11,19,Manteca 200g,1,3251,Alimentos,3251,Lácteos y refrigerados,2024-05
74,2024-04-26,56,Bruno Diaz,bruno.diaz@mail.com,efectivo,Rio Cuarto,2023-02-25,32,Chocolate Amargo 100g,3,2234,Limpieza,6702,Snacks y golosinas,2024-04
74,2024-04-26,56,Bruno Diaz,bruno.diaz@mail.com,efectivo,Rio Cuarto,2023-02-25,14,Leche Entera 1L,2,1723,Limpieza,3446,Lácteos y refrigerados,2024-04
74,2024-04-26,56,Bruno Diaz,bruno.diaz@mail.com,efectivo,Rio Cuarto,2023-02-25,55,Shampoo 400ml,2,1407,Alimentos,2814,Higiene personal,2024-04
75,2024-05-23,61,Guadalupe Martinez,guadalupe.martinez@mail.com,qr,Rio Cuarto,2023-03-02,3,Sprite 1.5L,4,4964,Alimentos,19856,Bebidas sin alcohol,2024-05
75,2024-05-23,61,Guadalupe Martinez,guadalupe.martinez@mail.com,qr,Rio Cuarto,2023-03-02,2,Pepsi 1.5L,5,4973,Limpieza,24865,Bebidas sin alcohol,2024-05
76,2024-05-15,75,Santiago Castro,santiago.castro@mail.com,tarjeta,Rio Cuarto,2023-03-16,22,Medialunas de Manteca,4,2069,Limpieza,8276,Panificados,2024-05
76,2024-05-15,75,Santiago Castro,santiago.castro@mail.com,tarjeta,Rio Cuarto,2023-03-16,23,Bizcochos Salados,4,2380,Alimentos,9520,Snacks y golosinas,2024-05
76,2024-05-15,75,Santiago Castro,santiago.castro@mail.com,tarjeta,Rio Cuarto,2023-03-16,24,Galletitas Chocolate,1,1305,Limpieza,1305,Snacks y golosinas,2024-05
76,2024-05-15,75,Santiago Castro,santiago.castro@mail.com,tarjeta,Rio Cuarto,2023-03-16,11,Café Molido 250g,2,2053,Alimentos,4106,Infusiones,2024-05
77,2024-05-26,55,Olivia Ruiz,olivia.ruiz@mail.com,tarjeta,Mendiolaza,2023-02-24,53,Lavandina 1L,2,1664,Alimentos,3328,Limpieza del hogar,2024-05
77,2024-05-26,55,Olivia Ruiz,olivia.ruiz@mail.com,tarjeta,Mendiolaza,2023-02-24,41,Aceite de Girasol 1L,1,860,Alimentos,860,Alimentos secos,2024-05
77,2024-05-26,55,Olivia Ruiz,olivia.ruiz@mail.com,tarjeta,Mendiolaza,2023-02-24,34,Turrón 50g,5,503,Limpieza,2515,Snacks y golosinas,2024-05
77,2024-05-26,55,Olivia Ruiz,olivia.ruiz@mail.com,tarjeta,Mendiolaza,2023-02-24,98,Desengrasante 500ml,2,2843,Limpieza,5686,Limpieza del hogar,2024-05
77,2024-05-26,55,Olivia Ruiz,olivia.ruiz@mail.com,tarjeta,Mendiolaza,2023-02-24,39,Helado Vainilla 1L,2,469,Alimentos,938,Congelados,2024-05
78,2024-04-29,12,Gael Gomez,gael.gomez@mail.com,qr,Alta Gracia,2023-01-12,37,Mermelada de Durazno 400g,3,3196,Alimentos,9588,Alimentos secos,2024-04
78,2024-04-29,12,Gael Gomez,gael.gomez@mail.com,qr,Alta Gracia,2023-01-12,79,Hamburguesas Congeladas x4,5,2420,Alimentos,12100,Congelados,2024-04
78,2024-04-29,12,Gael Gomez,gael.gomez@mail.com,qr,Alta Gracia,2023-01-12,17,Queso Cremoso 500g,2,4834,Alimentos,9668,Lácteos y refrigerados,2024-04
78,2024-04-29,12,Gael Gomez,gael.gomez@mail.com,qr,Alta Gracia,2023-01-12,85,Jugo en Polvo Naranja,1,1856,Alimentos,1856,Bebidas sin alcohol,2024-04
78,2024-04-29,12,Gael Gomez,gael.gomez@mail.com,qr,Alta Gracia,2023-01-12,39,Helado Vainilla 1L,2,469,Alimentos,938,Congelados,2024-04
79,2024-06-06,57,Julian Acosta,julian.acosta@mail.com,qr,Rio Cuarto,2023-02-26,81,Aceitunas Verdes 200g,2,2520,Alimentos,5040,Alimentos secos,2024-06
79,2024-06-06,57,Julian Acosta,julian.acosta@mail.com,qr,Rio Cuarto,2023-02-26,56,Papel Higiénico x4,2,2532,Limpieza,5064,Alimentos secos,2024-06
80,2024-03-25,54,Uma Herrera,uma.herrera@mail.com,efectivo,Alta Gracia,2023-02-23,39,Helado Vainilla 1L,5,469,Alimentos,2345,Congelados,2024-03
80,2024-03-25,54,Uma Herrera,uma.herrera@mail.com,efectivo,Alta Gracia,2023-02-23,30,Maní Salado 200g,3,4875,Limpieza,14625,Snacks y golosinas,2024-03
80,2024-03-25,54,Uma Herrera,uma.herrera@mail.com,efectivo,Alta Gracia,2023-02-23,41,Aceite de Girasol 1L,5,860,Alimentos,4300,Alimentos secos,2024-03
81,2024-03-09,49,Olivia Gomez,olivia.gomez@mail.com,transferencia,Rio Cuarto,2023-02-18,10,Yerba Mate Intensa 1kg,2,4883,Limpieza,9766,Infusiones,2024-03
82,2024-01-25,19,Uma Silva,uma.silva@mail.com,tarjeta,Mendiolaza,2023-01-19,38,Mermelada de Frutilla 400g,1,1584,Limpieza,1584,Alimentos secos,2024-01
82,2024-01-25,19,Uma Silva,uma.silva@mail.com,tarjeta,Mendiolaza,2023-01-19,28,Papas Fritas Clásicas 100g,2,936,Limpieza,1872,Snacks y golosinas,2024-01
82,2024-01-25,19,Uma Silva,uma.silva@mail.com,tarjeta,Mendiolaza,2023-01-19,29,Papas Fritas Onduladas 100g,5,1868,Alimentos,9340,Snacks y golosinas,2024-01
82,2024-01-25,19,Uma Silva,uma.silva@mail.com,tarjeta,Mendiolaza,2023-01-19,82,Aceitunas Negras 200g,2,2394,Limpieza,4788,Alimentos secos,2024-01
83,2024-05-28,91,Uma Sanchez,uma.sanchez@mail.com,efectivo,Mendiolaza,2023-04-01,5,Agua Mineral 500ml,2,4777,Alimentos,9554,Bebidas sin alcohol,2024-05
83,2024-05-28,91,Uma Sanchez,uma.sanchez@mail.com,efectivo,Mendiolaza,2023-04-01,26,Alfajor Triple,2,1001,Limpieza,2002,Snacks y golosinas,2024-05
83,2024-05-28,91,Uma Sanchez,uma.sanchez@mail.com,efectivo,Mendiolaza,2023-04-01,73,Gin 700ml,5,1561,Alimentos,7805,Bebidas alcohólicas,2024-05
83,2024-05-28,91,Uma Sanchez,uma.sanchez@mail.com,efectivo,Mendiolaza,2023-04-01,51,Sal Fina 500g,2,1745,Alimentos,3490,Alimentos secos,2024-05
84,2024-01-02,72,Camila Rodriguez,camila.rodriguez@mail.com,efectivo,Cordoba,2023-03-13,83,Queso Untable 190g,5,1830,Alimentos,9150,Lácteos y refrigerados,2024-01
84,2024-01-02,72,Camila Rodriguez,camila.rodriguez@mail.com,efectivo,Cordoba,2023-03-13,76,Pizza Congelada Muzzarella,4,4286,Limpieza,17144,Congelados,2024-01
85,2024-01-23,42,Tomas Flores,tomas.flores@mail.com,transferencia,Alta Gracia,2023-02-11,32,Chocolate Amargo 100g,4,2234,Limpieza,8936,Snacks y golosinas,2024-01
85,2024-01-23,42,Tomas Flores,tomas.flores@mail.com,transferencia,Alta Gracia,2023-02-11,80,Helado de Frutilla 1L,2,1981,Limpieza,3962,Congelados,2024-01
86,2024-01-10,40,Felipe Diaz,felipe.diaz@mail.com,efectivo,Rio Cuarto,2023-02-09,66,Cerveza Negra 1L,2,1533,Limpieza,3066,Bebidas alcohólicas,2024-01
86,2024-01-10,40,Felipe Diaz,felipe.diaz@mail.com,efectivo,Rio Cuarto,2023-02-09,1,Coca Cola 1.5L,4,2347,Alimentos,9388,Bebidas sin alcohol,2024-01
86,2024-01-10,40,Felipe Diaz,felipe.diaz@mail.com,efectivo,Rio Cuarto,2023-02-09,13,Té Verde 20 saquitos,5,2383,Alimentos,11915,Infusiones,2024-01
86,2024-01-10,40,Felipe Diaz,felipe.diaz@mail.com,efectivo,Rio Cuarto,2023-02-09,41,Aceite de Girasol 1L,3,860,Alimentos,2580,Alimentos secos,2024-01
87,2024-04-20,100,Agustina Lopez,agustina.lopez@mail.com,qr,Cordoba,2023-04-10,53,Lavandina 1L,2,1664,Alimentos,3328,Limpieza del hogar,2024-04
87,2024-04-20,100,Agustina Lopez,agustina.lopez@mail.com,qr,Cordoba,2023-04-10,86,Jugo en Polvo Limón,2,4090,Limpieza,8180,Bebidas sin alcohol,2024-04
88,2024-06-21,37,Martina Perez,martina.perez@mail.com,efectivo,Mendiolaza,2023-02-06,7,Jugo de Manzana 1L,5,3269,Alimentos,16345,Bebidas sin alcohol,2024-06
88,2024-06-21,37,Martina Perez,martina.perez@mail.com,efectivo,Mendiolaza,2023-02-06,53,Lavandina 1L,5,1664,Alimentos,8320,Limpieza del hogar,2024-06
88,2024-06-21,37,Martina Perez,martina.perez@mail.com,efectivo,Mendiolaza,2023-02-06,8,Energética Nitro 500ml,4,4218,Limpieza,16872,Bebidas sin alcohol,2024-06
89,2024-01-18,17,Pablo Gomez,pablo.gomez@mail.com,tarjeta,Villa Maria,2023-01-17,72,Ron 700ml,2,3876,Limpieza,7752,Bebidas alcohólicas,2024-01
90,2024-01-08,46,Agustina Martinez,agustina.martinez@mail.com,qr,Alta Gracia,2023-02-15,79,Hamburguesas Congeladas x4,4,2420,Alimentos,9680,Congelados,2024-01
90,2024-01-08,46,Agustina Martinez,agustina.martinez@mail.com,qr,Alta Gracia,2023-02-15,6,Jugo de Naranja 1L,2,4170,Limpieza,8340,Bebidas sin alcohol,2024-01
91,2024-02-19,39,Santiago Diaz,santiago.diaz@mail.com,efectivo,Alta Gracia,2023-02-08,57,Servilletas x100,3,4520,Alimentos,13560,Limpieza del hogar,2024-02
92,2024-02-09,42,Tomas Flores,tomas.flores@mail.com,transferencia,Alta Gracia,2023-02-11,10,Yerba Mate Intensa 1kg,2,4883,Limpieza,9766,Infusiones,2024-02
92,2024-02-09,42,Tomas Flores,tomas.flores@mail.com,transferencia,Alta Gracia,2023-02-11,43,Salsa de Tomate 500g,4,887,Alimentos,3548,Alimentos secos,2024-02
93,2024-01-29,90,Guadalupe Ruiz,guadalupe.ruiz@mail.com,efectivo,Rio Cuarto,2023-03-31,80,Helado de Frutilla 1L,4,1981,Limpieza,7924,Congelados,2024-01
93,2024-01-29,90,Guadalupe Ruiz,guadalupe.ruiz@mail.com,efectivo,Rio Cuarto,2023-03-31,66,Cerveza Negra 1L,3,1533,Limpieza,4599,Bebidas alcohólicas,2024-01
93,2024-01-29,90,Guadalupe Ruiz,guadalupe.ruiz@mail.com,efectivo,Rio Cuarto,2023-03-31,91,Desodorante Aerosol,3,4690,Alimentos,14070,Higiene personal,2024-01
94,2024-03-06,41,Elena Rodriguez,elena.rodriguez2@mail.com,qr,Alta Gracia,2023-02-10,24,Galletitas Chocolate,1,1305,Limpieza,1305,Snacks y golosinas,2024-03
94,2024-03-06,41,Elena Rodriguez,elena.rodriguez2@mail.com,qr,Alta Gracia,2023-02-10,86,Jugo en Polvo Limón,5,4090,Limpieza,20450,Bebidas sin alcohol,2024-03
94,2024-03-06,41,Elena Rodriguez,elena.rodriguez2@mail.com,qr,Alta Gracia,2023-02-10,98,Desengrasante 500ml,2,2843,Limpieza,5686,Limpieza del hogar,2024-03
95,2024-02-25,26,Camila Sanchez,camila.sanchez@mail.com,qr,Alta Gracia,2023-01-26,72,Ron 700ml,5,3876,Limpieza,19380,Bebidas alcohólicas,2024-02
95,2024-02-25,26,Camila Sanchez,camila.sanchez@mail.com,qr,Alta Gracia,2023-01-26,12,Té Negro 20 saquitos,1,570,Limpieza,570,Infusiones,2024-02
96,2024-02-23,83,Franco Gomez,franco.gomez@mail.com,tarjeta,Rio Cuarto,2023-03-24,81,Aceitunas Verdes 200g,3,2520,Alimentos,7560,Alimentos secos,2024-02
96,2024-02-23,83,Franco Gomez,franco.gomez@mail.com,tarjeta,Rio Cuarto,2023-03-24,68,Vino Blanco 750ml,1,2684,Limpieza,2684,Bebidas alcohólicas,2024-02
96,2024-02-23,83,Franco Gomez,franco.gomez@mail.com,tarjeta,Rio Cuarto,2023-03-24,11,Café Molido 250g,2,2053,Alimentos,4106,Infusiones,2024-02
96,2024-02-23,83,Franco Gomez,franco.gomez@mail.com,tarjeta,Rio Cuarto,2023-03-24,50,Azúcar 1kg,3,727,Limpieza,2181,Alimentos secos,2024-02
97,2024-06-16,39,Santiago Diaz,santiago.diaz@mail.com,efectivo,Alta Gracia,2023-02-08,59,Chicle Menta,5,3612,Alimentos,18060,Snacks y golosinas,2024-06
97,2024-06-16,39,Santiago Diaz,santiago.diaz@mail.com,efectivo,Alta Gracia,2023-02-08,36,Dulce de Leche 400g,1,2559,Limpieza,2559,Lácteos y refrigerados,2024-06
97,2024-06-16,39,Santiago Diaz,santiago.diaz@mail.com,efectivo,Alta Gracia,2023-02-08,4,Fanta Naranja 1.5L,3,2033,Limpieza,6099,Bebidas sin alcohol,2024-06
98,2024-01-12,43,Lucas Perez,lucas.perez@mail.com,transferencia,Mendiolaza,2023-02-12,28,Papas Fritas Clásicas 100g,4,936,Limpieza,3744,Snacks y golosinas,2024-01
98,2024-01-12,43,Lucas Perez,lucas.perez@mail.com,transferencia,Mendiolaza,2023-02-12,61,Miel Pura 250g,1,4982,Alimentos,4982,Alimentos secos,2024-01
98,2024-01-12,43,Lucas Perez,lucas.perez@mail.com,transferencia,Mendiolaza,2023-02-12,29,Papas Fritas Onduladas 100g,1,1868,Alimentos,1868,Snacks y golosinas,2024-01
98,2024-01-12,43,Lucas Perez,lucas.perez@mail.com,transferencia,Mendiolaza,2023-02-12,83,Queso Untable 190g,3,1830,Alimentos,5490,Lácteos y refrigerados,2024-01
99,2024-03-13,51,Agustina Gomez,agustina.gomez@mail.com,transferencia,Rio Cuarto,2023-02-20,40,Helado Chocolate 1L,5,1215,Limpieza,6075,Snacks y golosinas,2024-03
100,2024-06-08,69,Felipe Flores,felipe.flores@mail.com,qr,Rio Cuarto,2023-03-10,13,Té Verde 20 saquitos,3,2383,Alimentos,7149,Infusiones,2024-06
100,2024-06-08,69,Felipe Flores,felipe.flores@mail.com,qr,Rio Cuarto,2023-03-10,18,Queso Rallado 150g,4,3444,Limpieza,13776,Lácteos y refrigerados,2024-06
100,2024-06-08,69,Felipe Flores,felipe.flores@mail.com,qr,Rio Cuarto,2023-03-10,58,Caramelos Masticables,2,4752,Limpieza,9504,Snacks y golosinas,2024-06
100,2024-06-08,69,Felipe Flores,felipe.flores@mail.com,qr,Rio Cuarto,2023-03-10,57,Servilletas x100,1,4520,Alimentos,4520,Limpieza del hogar,2024-06
100,2024-06-08,69,Felipe Flores,felipe.flores@mail.com,qr,Rio Cuarto,2023-03-10,9,Yerba Mate Suave 1kg,4,3878,Alimentos,15512,Infusiones,2024-06
101,2024-03-28,72,Camila Rodriguez,camila.rodriguez@mail.com,efectivo,Cordoba,2023-03-13,34,Turrón 50g,4,503,Limpieza,2012,Snacks y golosinas,2024-03
102,2024-03-29,18,Ivana Torres,ivana.torres@mail.com,efectivo,Carlos Paz,2023-01-18,78,Verduras Congeladas Mix,3,4289,Limpieza,12867,Congelados,2024-03
102,2024-03-29,18,Ivana Torres,ivana.torres@mail.com,efectivo,Carlos Paz,2023-01-18,36,Dulce de Leche 400g,3,2559,Limpieza,7677,Lácteos y refrigerados,2024-03
103,2024-03-11,39,Santiago Diaz,santiago.diaz@mail.com,efectivo,Alta Gracia,2023-02-08,79,Hamburguesas Congeladas x4,5,2420,Alimentos,12100,Congelados,2024-03
103,2024-03-11,39,Santiago Diaz,santiago.diaz@mail.com,efectivo,Alta Gracia,2023-02-08,43,Salsa de Tomate 500g,5,887,Alimentos,4435,Alimentos secos,2024-03
103,2024-03-11,39,Santiago Diaz,santiago.diaz@mail.com,efectivo,Alta Gracia,2023-02-08,34,Turrón 50g,1,503,Limpieza,503,Snacks y golosinas,2024-03
103,2024-03-11,39,Santiago Diaz,santiago.diaz@mail.com,efectivo,Alta Gracia,2023-02-08,70,Fernet 750ml,1,4061,Limpieza,4061,Bebidas alcohólicas,2024-03
104,2024-06-17,86,Diego Torres,diego.torres@mail.com,qr,Cordoba,2023-03-27,95,Mascarilla Capilar,2,1581,Alimentos,3162,Higiene personal,2024-06
104,2024-06-17,86,Diego Torres,diego.torres@mail.com,qr,Cordoba,2023-03-27,68,Vino Blanco 750ml,3,2684,Limpieza,8052,Bebidas alcohólicas,2024-06
104,2024-06-17,86,Diego Torres,diego.torres@mail.com,qr,Cordoba,2023-03-27,68,Vino Blanco 750ml,5,2684,Limpieza,13420,Bebidas alcohólicas,2024-06
105,2024-02-06,1,Mariana Lopez,mariana.lopez@mail.com,transferencia,Carlos Paz,2023-01-01,13,Té Verde 20 saquitos,2,2383,Alimentos,4766,Infusiones,2024-02
105,2024-02-06,1,Mariana Lopez,mariana.lopez@mail.com,transferencia,Carlos Paz,2023-01-01,4,Fanta Naranja 1.5L,4,2033,Limpieza,8132,Bebidas sin alcohol,2024-02
105,2024-02-06,1,Mariana Lopez,mariana.lopez@mail.com,transferencia,Carlos Paz,2023-01-01,58,Caramelos Masticables,2,4752,Limpieza,9504,Snacks y golosinas,2024-02
105,2024-02-06,1,Mariana Lopez,mariana.lopez@mail.com,transferencia,Carlos Paz,2023-01-01,82,Aceitunas Negras 200g,4,2394,Limpieza,9576,Alimentos secos,2024-02
105,2024-02-06,1,Mariana Lopez,mariana.lopez@mail.com,transferencia,Carlos Paz,2023-01-01,43,Salsa de Tomate 500g,5,887,Alimentos,4435,Alimentos secos,2024-02
106,2024-03-24,82,Lucas Lopez,lucas.lopez@mail.com,transferencia,Alta Gracia,2023-03-23,88,Caldo Concentrado Carne,3,2570,Limpieza,7710,Alimentos secos,2024-03
107,2024-05-21,14,Gael Martinez,gael.martinez@mail.com,efectivo,Carlos Paz,2023-01-14,7,Jugo de Manzana 1L,4,3269,Alimentos,13076,Bebidas sin alcohol,2024-05
107,2024-05-21,14,Gael Martinez,gael.martinez@mail.com,efectivo,Carlos Paz,2023-01-14,11,Café Molido 250g,2,2053,Alimentos,4106,Infusiones,2024-05
107,2024-05-21,14,Gael Martinez,gael.martinez@mail.com,efectivo,Carlos Paz,2023-01-14,12,Té Negro 20 saquitos,4,570,Limpieza,2280,Infusiones,2024-05
107,2024-05-21,14,Gael Martinez,gael.martinez@mail.com,efectivo,Carlos Paz,2023-01-14,5,Agua Mineral 500ml,4,4777,Alimentos,19108,Bebidas sin alcohol,2024-05
108,2024-03-25,9,Yamila Molina,yamila.molina@mail.com,tarjeta,Carlos Paz,2023-01-09,90,Toallas Húmedas x50,4,2902,Limpieza,11608,Higiene personal,2024-03
109,2024-06-04,64,Julian Alvarez,julian.alvarez@mail.com,transferencia,Villa Maria,2023-03-05,18,Queso Rallado 150g,1,3444,Limpieza,3444,Lácteos y refrigerados,2024-06
109,2024-06-04,64,Julian Alvarez,julian.alvarez@mail.com,transferencia,Villa Maria,2023-03-05,74,Whisky 750ml,1,2953,Limpieza,2953,Bebidas alcohólicas,2024-06
109,2024-06-04,64,Julian Alvarez,julian.alvarez@mail.com,transferencia,Villa Maria,2023-03-05,20,Pan Lactal Blanco,2,1571,Limpieza,3142,Panificados,2024-06
109,2024-06-04,64,Julian Alvarez,julian.alvarez@mail.com,transferencia,Villa Maria,2023-03-05,44,Arroz Largo Fino 1kg,5,2979,Limpieza,14895,Alimentos secos,2024-06
110,2024-05-19,92,Mariana Rodriguez,mariana.rodriguez@mail.com,efectivo,Alta Gracia,2023-04-02,6,Jugo de Naranja 1L,1,4170,Limpieza,4170,Bebidas sin alcohol,2024-05
110,2024-05-19,92,Mariana Rodriguez,mariana.rodriguez@mail.com,efectivo,Alta Gracia,2023-04-02,59,Chicle Menta,3,3612,Alimentos,10836,Snacks y golosinas,2024-05
110,2024-05-19,92,Mariana Rodriguez,mariana.rodriguez@mail.com,efectivo,Alta Gracia,2023-04-02,6,Jugo de Naranja 1L,5,4170,Limpieza,20850,Bebidas sin alcohol,2024-05
111,2024-02-12,48,Rocio Alvarez,rocio.alvarez@mail.com,efectivo,Cordoba,2023-02-17,97,Limpiavidrios 500ml,4,872,Alimentos,3488,Limpieza del hogar,2024-02
111,2024-02-12,48,Rocio Alvarez,rocio.alvarez@mail.com,efectivo,Cordoba,2023-02-17,93,Cepillo de Dientes,3,2142,Alimentos,6426,Higiene personal,2024-02
111,2024-02-12,48,Rocio Alvarez,rocio.alvarez@mail.com,efectivo,Cordoba,2023-02-17,20,Pan Lactal Blanco,2,1571,Limpieza,3142,Panificados,2024-02
111,2024-02-12,48,Rocio Alvarez,rocio.alvarez@mail.com,efectivo,Cordoba,2023-02-17,23,Bizcochos Salados,4,2380,Alimentos,9520,Snacks y golosinas,2024-02
112,2024-01-19,28,Rocio Silva,rocio.silva@mail.com,tarjeta,Cordoba,2023-01-28,55,Shampoo 400ml,1,1407,Alimentos,1407,Higiene personal,2024-01
112,2024-01-19,28,Rocio Silva,rocio.silva@mail.com,tarjeta,Cordoba,2023-01-28,21,Pan Lactal Integral,4,272,Alimentos,1088,Panificados,2024-01
112,2024-01-19,28,Rocio Silva,rocio.silva@mail.com,tarjeta,Cordoba,2023-01-28,43,Salsa de Tomate 500g,5,887,Alimentos,4435,Alimentos secos,2024-01
112,2024-01-19,28,Rocio Silva,rocio.silva@mail.com,tarjeta,Cordoba,2023-01-28,13,Té Verde 20 saquitos,2,2383,Alimentos,4766,Infusiones,2024-01
112,2024-01-19,28,Rocio Silva,rocio.silva@mail.com,tarjeta,Cordoba,2023-01-28,59,Chicle Menta,1,3612,Alimentos,3612,Snacks y golosinas,2024-01
113,2024-03-08,98,Camila Castro,camila.castro@mail.com,transferencia,Cordoba,2023-04-08,53,Lavandina 1L,2,1664,Alimentos,3328,Limpieza del hogar,2024-03
113,2024-03-08,98,Camila Castro,camila.castro@mail.com,transferencia,Cordoba,2023-04-08,92,Crema Dental 90g,3,2512,Limpieza,7536,Higiene personal,2024-03
114,2024-05-05,16,Felipe Alvarez,felipe.alvarez@mail.com,qr,Rio Cuarto,2023-01-16,8,Energética Nitro 500ml,1,4218,Limpieza,4218,Bebidas sin alcohol,2024-05
114,2024-05-05,16,Felipe Alvarez,felipe.alvarez@mail.com,qr,Rio Cuarto,2023-01-16,84,Queso Azul 150g,1,1645,Limpieza,1645,Lácteos y refrigerados,2024-05
114,2024-05-05,16,Felipe Alvarez,felipe.alvarez@mail.com,qr,Rio Cuarto,2023-01-16,10,Yerba Mate Intensa 1kg,1,4883,Limpieza,4883,Infusiones,2024-05
114,2024-05-05,16,Felipe Alvarez,felipe.alvarez@mail.com,qr,Rio Cuarto,2023-01-16,55,Shampoo 400ml,5,1407,Alimentos,7035,Higiene personal,2024-05
114,2024-05-05,16,Felipe Alvarez,felipe.alvarez@mail.com,qr,Rio Cuarto,2023-01-16,92,Crema Dental 90g,4,2512,Limpieza,10048,Higiene personal,2024-05
115,2024-02-16,3,Hernan Martinez,hernan.martinez@mail.com,transferencia,Rio Cuarto,2023-01-03,17,Queso Cremoso 500g,4,4834,Alimentos,19336,Lácteos y refrigerados,2024-02
115,2024-02-16,3,Hernan Martinez,hernan.martinez@mail.com,transferencia,Rio Cuarto,2023-01-03,97,Limpiavidrios 500ml,5,872,Alimentos,4360,Limpieza del hogar,2024-02
115,2024-02-16,3,Hernan Martinez,hernan.martinez@mail.com,transferencia,Rio Cuarto,2023-01-03,95,Mascarilla Capilar,4,1581,Alimentos,6324,Higiene personal,2024-02
115,2024-02-16,3,Hernan Martinez,hernan.martinez@mail.com,transferencia,Rio Cuarto,2023-01-03,84,Queso Azul 150g,2,1645,Limpieza,3290,Lácteos y refrigerados,2024-02
116,2024-03-18,25,Karina Castro,karina.castro@mail.com,qr,Rio Cuarto,2023-01-25,65,Cerveza Rubia 1L,1,2423,Alimentos,2423,Bebidas alcohólicas,2024-03
116,2024-03-18,25,Karina Castro,karina.castro@mail.com,qr,Rio Cuarto,2023-01-25,35,Barrita de Cereal 30g,2,4430,Alimentos,8860,Snacks y golosinas,2024-03
116,2024-03-18,25,Karina Castro,karina.castro@mail.com,qr,Rio Cuarto,2023-01-25,42,Vinagre de Alcohol 500ml,4,1195,Limpieza,4780,Alimentos secos,2024-03
116,2024-03-18,25,Karina Castro,karina.castro@mail.com,qr,Rio Cuarto,2023-01-25,54,Jabón de Tocador,5,1592,Limpieza,7960,Alimentos secos,2024-03
116,2024-03-18,25,Karina Castro,karina.castro@mail.com,qr,Rio Cuarto,2023-01-25,90,Toallas Húmedas x50,4,2902,Limpieza,11608,Higiene personal,2024-03
117,2024-03-14,72,Camila Rodriguez,camila.rodriguez@mail.com,tarjeta,Cordoba,2023-03-13,67,Vino Tinto Malbec 750ml,4,4719,Alimentos,18876,Bebidas alcohólicas,2024-03
117,2024-03-14,72,Camila Rodriguez,camila.rodriguez@mail.com,tarjeta,Cordoba,2023-03-13,61,Miel Pura 250g,2,4982,Alimentos,9964,Alimentos secos,2024-03
118,2024-02-09,84,Pablo Sanchez,pablo.sanchez@mail.com,efectivo,Cordoba,2023-03-25,68,Vino Blanco 750ml,5,2684,Limpieza,13420,Bebidas alcohólicas,2024-02
118,2024-02-09,84,Pablo Sanchez,pablo.sanchez@mail.com,efectivo,Cordoba,2023-03-25,68,Vino Blanco 750ml,3,2684,Limpieza,8052,Bebidas alcohólicas,2024-02
118,2024-02-09,84,Pablo Sanchez,pablo.sanchez@mail.com,efectivo,Cordoba,2023-03-25,70,Fernet 750ml,2,4061,Limpieza,8122,Bebidas alcohólicas,2024-02
118,2024-02-09,84,Pablo Sanchez,pablo.sanchez@mail.com,efectivo,Cordoba,2023-03-25,93,Cepillo de Dientes,3,2142,Alimentos,6426,Higiene personal,2024-02
118,2024-02-09,84,Pablo Sanchez,pablo.sanchez@mail.com,efectivo,Cordoba,2023-03-25,50,Azúcar 1kg,2,727,Limpieza,1454,Alimentos secos,2024-02
119,2024-02-07,51,Agustina Gomez,agustina.gomez@mail.com,qr,Rio Cuarto,2023-02-20,45,Fideos Spaghetti 500g,5,745,Alimentos,3725,Alimentos secos,2024-02
120,2024-04-21,72,Camila Rodriguez,camila.rodriguez@mail.com,tarjeta,Cordoba,2023-03-13,20,Pan Lactal Blanco,5,1571,Limpieza,7855,Panificados,2024-04
